url,label
https://www.google.com/search?q=weather,benign
https://github.com/python/cpython,benign
https://en.wikipedia.org/wiki/Machine_learning,benign
https://stackoverflow.com/questions/ask,benign
https://www.python.org/downloads/,benign
https://docs.python.org/3/library/urllib.html,benign
https://www.nytimes.com/,benign
https://www.bbc.com/news,benign
https://www.amazon.com/dp/B08N5WRWNW,benign
https://www.microsoft.com/en-us/,benign
https://openai.com/research,benign
https://huggingface.co/models,benign
https://www.kaggle.com/datasets,benign
https://www.reddit.com/r/python/,benign
https://news.ycombinator.com/,benign
https://www.linkedin.com/feed/,benign
https://www.apple.com/iphone/,benign
https://www.spotify.com/us/,benign
https://www.netflix.com/browse,benign
https://www.cloudflare.com/learning/,benign
https://fastapi.tiangolo.com/,benign
https://scikit-learn.org/stable/,benign
https://pandas.pydata.org/docs/,benign
https://numpy.org/doc/,benign
https://www.docker.com/products/docker-desktop,benign
https://kubernetes.io/docs/home/,benign
https://www.postgresql.org/docs/,benign
https://redis.io/docs/,benign
https://www.elastic.co/guide/,benign
https://grafana.com/docs/,benign
https://www.djangoproject.com/,benign
https://flask.palletsprojects.com/,benign
https://www.npmjs.com/package/express,benign
https://react.dev/learn,benign
https://vuejs.org/guide/,benign
https://tailwindcss.com/docs,benign
https://www.typescriptlang.org/docs/,benign
https://developer.mozilla.org/en-US/docs/Web,benign
https://www.w3.org/TR/,benign
https://www.ietf.org/standards/,benign
https://www.cnn.com/world,benign
https://www.theguardian.com/international,benign
https://www.wsj.com/,benign
https://www.bloomberg.com/markets,benign
https://www.reuters.com/world/,benign
https://www.nature.com/articles,benign
https://arxiv.org/list/cs.AI/recent,benign
https://www.coursera.org/,benign
https://www.edx.org/,benign
https://www.khanacademy.org/,benign
http://192.168.0.1/paypal-login/secure-verify,phishing
http://paypa1-secure-login.com/signin?account=suspended,phishing
https://secure-banking-update.xyz/verify/account,phishing
http://apple-id-locked-verify.ru/unlock,phishing
https://micros0ft-account-update.tk/password/reset,phishing
http://amaz0n-security-check.club/wallet/confirm,phishing
https://login-facebook-security.ga/confirm/credential,phishing
http://netflix-billing-update.bid/account/validation,phishing
https://chase-bank-login-secure.top/online/signin,phishing
http://wellsfargo-verify-account.win/update,phishing
https://paypal-secure-login-confirm.xyz/signin,phishing
http://google-drive-share-verify.ru/download/file,phishing
https://dropbox-security-alert.ml/login/verify,phishing
http://office365-password-expire.cf/update/now,phishing
https://dhl-package-hold-confirm.ga/track/shipment,phishing
http://fedex-delivery-fee-pay.tk/invoice,phishing
https://usps-redelivery-confirm.top/pay/fee,phishing
http://irs-refund-claim-update.club/form/submit,phishing
https://coinbase-wallet-secure.ga/validation/unlock,phishing
http://binance-login-verify.ml/account/suspend,phishing
https://metamask-wallet-sync.tk/confirm/seed,phishing
http://steam-community-trade-verify.ru/gift/accept,phishing
https://instagram-verify-badge.ga/account/confirm,phishing
http://whatsapp-security-update.bid/login,phishing
https://telegram-premium-claim.cf/activate,phishing
http://linkedin-premium-invoice.top/billing/update,phishing
http://user:pass@evil-phish.com/paypal/login,phishing
https://secure-login-confirm-bank.xyz/redirect?url=steal,phishing
http://www.paypal.com.secure-login-verify.ru/signin,phishing
https://account-update-secure-confirm.ga/banking/login,phishing
http://signin-appleid-locked-verify.tk/unlock-now,phishing
https://microsoft-account-password-reset.ml/confirm,phishing
http://amazon-prime-renewal-failed.club/update-payment,phishing
https://netflix-membership-hold.ga/billing/verify,phishing
http://spotify-premium-expired.cf/reactivate/account,phishing
https://bankofamerica-secure-signin.top/online/login,phishing
http://citibank-alert-verify.win/account/update,phishing
http://capitalone-fraud-alert.tk/confirm/identity,phishing
https://discover-card-locked.ga/unlock/card,phishing
http://americanexpress-verify.ml/account/security,phishing
https://ebay-buyer-protection-claim.ru/refund/form,phishing
http://walmart-gift-card-winner.club/claim/prize,phishing
https://costco-membership-renew.bid/payment/update,phishing
http://target-order-hold-confirm.tk/pay/shipping,phishing
https://bestbuy-order-cancel-avoid.ga/confirm/order,phishing
http://samsung-account-locked-verify.cf/unlock/device,phishing
https://icloud-storage-full-alert.ml/upgrade/storage,phishing
http://google-photos-share-expire.top/view/album,phishing
https://outlook-mailbox-quota-exceeded.ga/expand/mailbox,phishing
http://yahoo-mail-security-alert.tk/verify/login,phishing
https://www.google.com/search?q=weather?ref=sample0,benign
https://github.com/python/cpython?ref=sample0,benign
https://en.wikipedia.org/wiki/Machine_learning?ref=sample0,benign
https://stackoverflow.com/questions/ask?ref=sample0,benign
https://www.python.org/downloads/?ref=sample0,benign
https://docs.python.org/3/library/urllib.html?ref=sample0,benign
https://www.nytimes.com/?ref=sample0,benign
https://www.bbc.com/news?ref=sample0,benign
https://www.amazon.com/dp/B08N5WRWNW?ref=sample0,benign
https://www.microsoft.com/en-us/?ref=sample0,benign
https://openai.com/research?ref=sample0,benign
https://huggingface.co/models?ref=sample0,benign
https://www.kaggle.com/datasets?ref=sample0,benign
https://www.reddit.com/r/python/?ref=sample0,benign
https://news.ycombinator.com/?ref=sample0,benign
https://www.linkedin.com/feed/?ref=sample0,benign
https://www.apple.com/iphone/?ref=sample0,benign
https://www.spotify.com/us/?ref=sample0,benign
https://www.netflix.com/browse?ref=sample0,benign
https://www.cloudflare.com/learning/?ref=sample0,benign
https://fastapi.tiangolo.com/?ref=sample0,benign
https://scikit-learn.org/stable/?ref=sample0,benign
https://pandas.pydata.org/docs/?ref=sample0,benign
https://numpy.org/doc/?ref=sample0,benign
https://www.docker.com/products/docker-desktop?ref=sample0,benign
https://kubernetes.io/docs/home/?ref=sample0,benign
https://www.postgresql.org/docs/?ref=sample0,benign
https://redis.io/docs/?ref=sample0,benign
https://www.elastic.co/guide/?ref=sample0,benign
https://grafana.com/docs/?ref=sample0,benign
http://192.168.0.1/paypal-login/secure-verify,phishing
http://paypa1-secure-login-0.com/signin?account=suspended,phishing
https://secure-banking-update.xyz/verify/account,phishing
http://apple-id-locked-verify.ru/unlock,phishing
https://micros0ft-account-update.tk/password/reset,phishing
http://amaz0n-security-check.club/wallet/confirm,phishing
https://login-facebook-security.ga/confirm/credential,phishing
http://netflix-billing-update.bid/account/validation,phishing
https://chase-bank-login-secure.top/online/signin,phishing
http://wellsfargo-verify-account.win/update,phishing
https://paypal-secure-login-confirm.xyz/signin,phishing
http://google-drive-share-verify.ru/download/file,phishing
https://dropbox-security-alert.ml/login/verify,phishing
http://office365-password-expire.cf/update/now,phishing
https://dhl-package-hold-confirm.ga/track/shipment,phishing
http://fedex-delivery-fee-pay.tk/invoice,phishing
https://usps-redelivery-confirm.top/pay/fee,phishing
http://irs-refund-claim-update.club/form/submit,phishing
https://coinbase-wallet-secure.ga/validation/unlock,phishing
http://binance-login-verify.ml/account/suspend,phishing
https://metamask-wallet-sync.tk/confirm/seed,phishing
http://steam-community-trade-verify.ru/gift/accept,phishing
https://instagram-verify-badge.ga/account/confirm,phishing
http://whatsapp-security-update.bid/login,phishing
https://telegram-premium-claim.cf/activate,phishing
http://linkedin-premium-invoice.top/billing/update,phishing
http://user:pass@evil-phish-0.com/paypal/login,phishing
https://secure-login-confirm-bank.xyz/redirect?url=steal,phishing
http://www.paypal-0.com.secure-login-verify.ru/signin,phishing
https://account-update-secure-confirm.ga/banking/login,phishing
https://www.google.com/search?q=weather?ref=sample1,benign
https://github.com/python/cpython?ref=sample1,benign
https://en.wikipedia.org/wiki/Machine_learning?ref=sample1,benign
https://stackoverflow.com/questions/ask?ref=sample1,benign
https://www.python.org/downloads/?ref=sample1,benign
https://docs.python.org/3/library/urllib.html?ref=sample1,benign
https://www.nytimes.com/?ref=sample1,benign
https://www.bbc.com/news?ref=sample1,benign
https://www.amazon.com/dp/B08N5WRWNW?ref=sample1,benign
https://www.microsoft.com/en-us/?ref=sample1,benign
https://openai.com/research?ref=sample1,benign
https://huggingface.co/models?ref=sample1,benign
https://www.kaggle.com/datasets?ref=sample1,benign
https://www.reddit.com/r/python/?ref=sample1,benign
https://news.ycombinator.com/?ref=sample1,benign
https://www.linkedin.com/feed/?ref=sample1,benign
https://www.apple.com/iphone/?ref=sample1,benign
https://www.spotify.com/us/?ref=sample1,benign
https://www.netflix.com/browse?ref=sample1,benign
https://www.cloudflare.com/learning/?ref=sample1,benign
https://fastapi.tiangolo.com/?ref=sample1,benign
https://scikit-learn.org/stable/?ref=sample1,benign
https://pandas.pydata.org/docs/?ref=sample1,benign
https://numpy.org/doc/?ref=sample1,benign
https://www.docker.com/products/docker-desktop?ref=sample1,benign
https://kubernetes.io/docs/home/?ref=sample1,benign
https://www.postgresql.org/docs/?ref=sample1,benign
https://redis.io/docs/?ref=sample1,benign
https://www.elastic.co/guide/?ref=sample1,benign
https://grafana.com/docs/?ref=sample1,benign
http://192.168.0.1/paypal-login/secure-verify,phishing
http://paypa1-secure-login-1.com/signin?account=suspended,phishing
https://secure-banking-update.xyz/verify/account,phishing
http://apple-id-locked-verify.ru/unlock,phishing
https://micros0ft-account-update.tk/password/reset,phishing
http://amaz0n-security-check.club/wallet/confirm,phishing
https://login-facebook-security.ga/confirm/credential,phishing
http://netflix-billing-update.bid/account/validation,phishing
https://chase-bank-login-secure.top/online/signin,phishing
http://wellsfargo-verify-account.win/update,phishing
https://paypal-secure-login-confirm.xyz/signin,phishing
http://google-drive-share-verify.ru/download/file,phishing
https://dropbox-security-alert.ml/login/verify,phishing
http://office365-password-expire.cf/update/now,phishing
https://dhl-package-hold-confirm.ga/track/shipment,phishing
http://fedex-delivery-fee-pay.tk/invoice,phishing
https://usps-redelivery-confirm.top/pay/fee,phishing
http://irs-refund-claim-update.club/form/submit,phishing
https://coinbase-wallet-secure.ga/validation/unlock,phishing
http://binance-login-verify.ml/account/suspend,phishing
https://metamask-wallet-sync.tk/confirm/seed,phishing
http://steam-community-trade-verify.ru/gift/accept,phishing
https://instagram-verify-badge.ga/account/confirm,phishing
http://whatsapp-security-update.bid/login,phishing
https://telegram-premium-claim.cf/activate,phishing
http://linkedin-premium-invoice.top/billing/update,phishing
http://user:pass@evil-phish-1.com/paypal/login,phishing
https://secure-login-confirm-bank.xyz/redirect?url=steal,phishing
http://www.paypal-1.com.secure-login-verify.ru/signin,phishing
https://account-update-secure-confirm.ga/banking/login,phishing
https://www.google.com/search?q=weather?ref=sample2,benign
https://github.com/python/cpython?ref=sample2,benign
https://en.wikipedia.org/wiki/Machine_learning?ref=sample2,benign
https://stackoverflow.com/questions/ask?ref=sample2,benign
https://www.python.org/downloads/?ref=sample2,benign
https://docs.python.org/3/library/urllib.html?ref=sample2,benign
https://www.nytimes.com/?ref=sample2,benign
https://www.bbc.com/news?ref=sample2,benign
https://www.amazon.com/dp/B08N5WRWNW?ref=sample2,benign
https://www.microsoft.com/en-us/?ref=sample2,benign
https://openai.com/research?ref=sample2,benign
https://huggingface.co/models?ref=sample2,benign
https://www.kaggle.com/datasets?ref=sample2,benign
https://www.reddit.com/r/python/?ref=sample2,benign
https://news.ycombinator.com/?ref=sample2,benign
https://www.linkedin.com/feed/?ref=sample2,benign
https://www.apple.com/iphone/?ref=sample2,benign
https://www.spotify.com/us/?ref=sample2,benign
https://www.netflix.com/browse?ref=sample2,benign
https://www.cloudflare.com/learning/?ref=sample2,benign
https://fastapi.tiangolo.com/?ref=sample2,benign
https://scikit-learn.org/stable/?ref=sample2,benign
https://pandas.pydata.org/docs/?ref=sample2,benign
https://numpy.org/doc/?ref=sample2,benign
https://www.docker.com/products/docker-desktop?ref=sample2,benign
https://kubernetes.io/docs/home/?ref=sample2,benign
https://www.postgresql.org/docs/?ref=sample2,benign
https://redis.io/docs/?ref=sample2,benign
https://www.elastic.co/guide/?ref=sample2,benign
https://grafana.com/docs/?ref=sample2,benign
http://192.168.0.1/paypal-login/secure-verify,phishing
http://paypa1-secure-login-2.com/signin?account=suspended,phishing
https://secure-banking-update.xyz/verify/account,phishing
http://apple-id-locked-verify.ru/unlock,phishing
https://micros0ft-account-update.tk/password/reset,phishing
http://amaz0n-security-check.club/wallet/confirm,phishing
https://login-facebook-security.ga/confirm/credential,phishing
http://netflix-billing-update.bid/account/validation,phishing
https://chase-bank-login-secure.top/online/signin,phishing
http://wellsfargo-verify-account.win/update,phishing
https://paypal-secure-login-confirm.xyz/signin,phishing
http://google-drive-share-verify.ru/download/file,phishing
https://dropbox-security-alert.ml/login/verify,phishing
http://office365-password-expire.cf/update/now,phishing
https://dhl-package-hold-confirm.ga/track/shipment,phishing
http://fedex-delivery-fee-pay.tk/invoice,phishing
https://usps-redelivery-confirm.top/pay/fee,phishing
http://irs-refund-claim-update.club/form/submit,phishing
https://coinbase-wallet-secure.ga/validation/unlock,phishing
http://binance-login-verify.ml/account/suspend,phishing
https://metamask-wallet-sync.tk/confirm/seed,phishing
http://steam-community-trade-verify.ru/gift/accept,phishing
https://instagram-verify-badge.ga/account/confirm,phishing
http://whatsapp-security-update.bid/login,phishing
https://telegram-premium-claim.cf/activate,phishing
http://linkedin-premium-invoice.top/billing/update,phishing
http://user:pass@evil-phish-2.com/paypal/login,phishing
https://secure-login-confirm-bank.xyz/redirect?url=steal,phishing
http://www.paypal-2.com.secure-login-verify.ru/signin,phishing
https://account-update-secure-confirm.ga/banking/login,phishing
https://www.google.com/search?q=weather?ref=sample3,benign
https://github.com/python/cpython?ref=sample3,benign
https://en.wikipedia.org/wiki/Machine_learning?ref=sample3,benign
https://stackoverflow.com/questions/ask?ref=sample3,benign
https://www.python.org/downloads/?ref=sample3,benign
https://docs.python.org/3/library/urllib.html?ref=sample3,benign
https://www.nytimes.com/?ref=sample3,benign
https://www.bbc.com/news?ref=sample3,benign
https://www.amazon.com/dp/B08N5WRWNW?ref=sample3,benign
https://www.microsoft.com/en-us/?ref=sample3,benign
https://openai.com/research?ref=sample3,benign
https://huggingface.co/models?ref=sample3,benign
https://www.kaggle.com/datasets?ref=sample3,benign
https://www.reddit.com/r/python/?ref=sample3,benign
https://news.ycombinator.com/?ref=sample3,benign
https://www.linkedin.com/feed/?ref=sample3,benign
https://www.apple.com/iphone/?ref=sample3,benign
https://www.spotify.com/us/?ref=sample3,benign
https://www.netflix.com/browse?ref=sample3,benign
https://www.cloudflare.com/learning/?ref=sample3,benign
https://fastapi.tiangolo.com/?ref=sample3,benign
https://scikit-learn.org/stable/?ref=sample3,benign
https://pandas.pydata.org/docs/?ref=sample3,benign
https://numpy.org/doc/?ref=sample3,benign
https://www.docker.com/products/docker-desktop?ref=sample3,benign
https://kubernetes.io/docs/home/?ref=sample3,benign
https://www.postgresql.org/docs/?ref=sample3,benign
https://redis.io/docs/?ref=sample3,benign
https://www.elastic.co/guide/?ref=sample3,benign
https://grafana.com/docs/?ref=sample3,benign
http://192.168.0.1/paypal-login/secure-verify,phishing
http://paypa1-secure-login-3.com/signin?account=suspended,phishing
https://secure-banking-update.xyz/verify/account,phishing
http://apple-id-locked-verify.ru/unlock,phishing
https://micros0ft-account-update.tk/password/reset,phishing
http://amaz0n-security-check.club/wallet/confirm,phishing
https://login-facebook-security.ga/confirm/credential,phishing
http://netflix-billing-update.bid/account/validation,phishing
https://chase-bank-login-secure.top/online/signin,phishing
http://wellsfargo-verify-account.win/update,phishing
https://paypal-secure-login-confirm.xyz/signin,phishing
http://google-drive-share-verify.ru/download/file,phishing
https://dropbox-security-alert.ml/login/verify,phishing
http://office365-password-expire.cf/update/now,phishing
https://dhl-package-hold-confirm.ga/track/shipment,phishing
http://fedex-delivery-fee-pay.tk/invoice,phishing
https://usps-redelivery-confirm.top/pay/fee,phishing
http://irs-refund-claim-update.club/form/submit,phishing
https://coinbase-wallet-secure.ga/validation/unlock,phishing
http://binance-login-verify.ml/account/suspend,phishing
https://metamask-wallet-sync.tk/confirm/seed,phishing
http://steam-community-trade-verify.ru/gift/accept,phishing
https://instagram-verify-badge.ga/account/confirm,phishing
http://whatsapp-security-update.bid/login,phishing
https://telegram-premium-claim.cf/activate,phishing
http://linkedin-premium-invoice.top/billing/update,phishing
http://user:pass@evil-phish-3.com/paypal/login,phishing
https://secure-login-confirm-bank.xyz/redirect?url=steal,phishing
http://www.paypal-3.com.secure-login-verify.ru/signin,phishing
https://account-update-secure-confirm.ga/banking/login,phishing
https://www.google.com/search?q=weather?ref=sample4,benign
https://github.com/python/cpython?ref=sample4,benign
https://en.wikipedia.org/wiki/Machine_learning?ref=sample4,benign
https://stackoverflow.com/questions/ask?ref=sample4,benign
https://www.python.org/downloads/?ref=sample4,benign
https://docs.python.org/3/library/urllib.html?ref=sample4,benign
https://www.nytimes.com/?ref=sample4,benign
https://www.bbc.com/news?ref=sample4,benign
https://www.amazon.com/dp/B08N5WRWNW?ref=sample4,benign
https://www.microsoft.com/en-us/?ref=sample4,benign
https://openai.com/research?ref=sample4,benign
https://huggingface.co/models?ref=sample4,benign
https://www.kaggle.com/datasets?ref=sample4,benign
https://www.reddit.com/r/python/?ref=sample4,benign
https://news.ycombinator.com/?ref=sample4,benign
https://www.linkedin.com/feed/?ref=sample4,benign
https://www.apple.com/iphone/?ref=sample4,benign
https://www.spotify.com/us/?ref=sample4,benign
https://www.netflix.com/browse?ref=sample4,benign
https://www.cloudflare.com/learning/?ref=sample4,benign
https://fastapi.tiangolo.com/?ref=sample4,benign
https://scikit-learn.org/stable/?ref=sample4,benign
https://pandas.pydata.org/docs/?ref=sample4,benign
https://numpy.org/doc/?ref=sample4,benign
https://www.docker.com/products/docker-desktop?ref=sample4,benign
https://kubernetes.io/docs/home/?ref=sample4,benign
https://www.postgresql.org/docs/?ref=sample4,benign
https://redis.io/docs/?ref=sample4,benign
https://www.elastic.co/guide/?ref=sample4,benign
https://grafana.com/docs/?ref=sample4,benign
http://192.168.0.1/paypal-login/secure-verify,phishing
http://paypa1-secure-login-4.com/signin?account=suspended,phishing
https://secure-banking-update.xyz/verify/account,phishing
http://apple-id-locked-verify.ru/unlock,phishing
https://micros0ft-account-update.tk/password/reset,phishing
http://amaz0n-security-check.club/wallet/confirm,phishing
https://login-facebook-security.ga/confirm/credential,phishing
http://netflix-billing-update.bid/account/validation,phishing
https://chase-bank-login-secure.top/online/signin,phishing
http://wellsfargo-verify-account.win/update,phishing
https://paypal-secure-login-confirm.xyz/signin,phishing
http://google-drive-share-verify.ru/download/file,phishing
https://dropbox-security-alert.ml/login/verify,phishing
http://office365-password-expire.cf/update/now,phishing
https://dhl-package-hold-confirm.ga/track/shipment,phishing
http://fedex-delivery-fee-pay.tk/invoice,phishing
https://usps-redelivery-confirm.top/pay/fee,phishing
http://irs-refund-claim-update.club/form/submit,phishing
https://coinbase-wallet-secure.ga/validation/unlock,phishing
http://binance-login-verify.ml/account/suspend,phishing
https://metamask-wallet-sync.tk/confirm/seed,phishing
http://steam-community-trade-verify.ru/gift/accept,phishing
https://instagram-verify-badge.ga/account/confirm,phishing
http://whatsapp-security-update.bid/login,phishing
https://telegram-premium-claim.cf/activate,phishing
http://linkedin-premium-invoice.top/billing/update,phishing
http://user:pass@evil-phish-4.com/paypal/login,phishing
https://secure-login-confirm-bank.xyz/redirect?url=steal,phishing
http://www.paypal-4.com.secure-login-verify.ru/signin,phishing
https://account-update-secure-confirm.ga/banking/login,phishing
https://www.google.com/search?q=weather?ref=sample5,benign
https://github.com/python/cpython?ref=sample5,benign
https://en.wikipedia.org/wiki/Machine_learning?ref=sample5,benign
https://stackoverflow.com/questions/ask?ref=sample5,benign
https://www.python.org/downloads/?ref=sample5,benign
https://docs.python.org/3/library/urllib.html?ref=sample5,benign
https://www.nytimes.com/?ref=sample5,benign
https://www.bbc.com/news?ref=sample5,benign
https://www.amazon.com/dp/B08N5WRWNW?ref=sample5,benign
https://www.microsoft.com/en-us/?ref=sample5,benign
https://openai.com/research?ref=sample5,benign
https://huggingface.co/models?ref=sample5,benign
https://www.kaggle.com/datasets?ref=sample5,benign
https://www.reddit.com/r/python/?ref=sample5,benign
https://news.ycombinator.com/?ref=sample5,benign
https://www.linkedin.com/feed/?ref=sample5,benign
https://www.apple.com/iphone/?ref=sample5,benign
https://www.spotify.com/us/?ref=sample5,benign
https://www.netflix.com/browse?ref=sample5,benign
https://www.cloudflare.com/learning/?ref=sample5,benign
https://fastapi.tiangolo.com/?ref=sample5,benign
https://scikit-learn.org/stable/?ref=sample5,benign
https://pandas.pydata.org/docs/?ref=sample5,benign
https://numpy.org/doc/?ref=sample5,benign
https://www.docker.com/products/docker-desktop?ref=sample5,benign
https://kubernetes.io/docs/home/?ref=sample5,benign
https://www.postgresql.org/docs/?ref=sample5,benign
https://redis.io/docs/?ref=sample5,benign
https://www.elastic.co/guide/?ref=sample5,benign
https://grafana.com/docs/?ref=sample5,benign
http://192.168.0.1/paypal-login/secure-verify,phishing
http://paypa1-secure-login-5.com/signin?account=suspended,phishing
https://secure-banking-update.xyz/verify/account,phishing
http://apple-id-locked-verify.ru/unlock,phishing
https://micros0ft-account-update.tk/password/reset,phishing
http://amaz0n-security-check.club/wallet/confirm,phishing
https://login-facebook-security.ga/confirm/credential,phishing
http://netflix-billing-update.bid/account/validation,phishing
https://chase-bank-login-secure.top/online/signin,phishing
http://wellsfargo-verify-account.win/update,phishing
https://paypal-secure-login-confirm.xyz/signin,phishing
http://google-drive-share-verify.ru/download/file,phishing
https://dropbox-security-alert.ml/login/verify,phishing
http://office365-password-expire.cf/update/now,phishing
https://dhl-package-hold-confirm.ga/track/shipment,phishing
http://fedex-delivery-fee-pay.tk/invoice,phishing
https://usps-redelivery-confirm.top/pay/fee,phishing
http://irs-refund-claim-update.club/form/submit,phishing
https://coinbase-wallet-secure.ga/validation/unlock,phishing
http://binance-login-verify.ml/account/suspend,phishing
https://metamask-wallet-sync.tk/confirm/seed,phishing
http://steam-community-trade-verify.ru/gift/accept,phishing
https://instagram-verify-badge.ga/account/confirm,phishing
http://whatsapp-security-update.bid/login,phishing
https://telegram-premium-claim.cf/activate,phishing
http://linkedin-premium-invoice.top/billing/update,phishing
http://user:pass@evil-phish-5.com/paypal/login,phishing
https://secure-login-confirm-bank.xyz/redirect?url=steal,phishing
http://www.paypal-5.com.secure-login-verify.ru/signin,phishing
https://account-update-secure-confirm.ga/banking/login,phishing
https://www.google.com/search?q=weather?ref=sample6,benign
https://github.com/python/cpython?ref=sample6,benign
https://en.wikipedia.org/wiki/Machine_learning?ref=sample6,benign
https://stackoverflow.com/questions/ask?ref=sample6,benign
https://www.python.org/downloads/?ref=sample6,benign
https://docs.python.org/3/library/urllib.html?ref=sample6,benign
https://www.nytimes.com/?ref=sample6,benign
https://www.bbc.com/news?ref=sample6,benign
https://www.amazon.com/dp/B08N5WRWNW?ref=sample6,benign
https://www.microsoft.com/en-us/?ref=sample6,benign
https://openai.com/research?ref=sample6,benign
https://huggingface.co/models?ref=sample6,benign
https://www.kaggle.com/datasets?ref=sample6,benign
https://www.reddit.com/r/python/?ref=sample6,benign
https://news.ycombinator.com/?ref=sample6,benign
https://www.linkedin.com/feed/?ref=sample6,benign
https://www.apple.com/iphone/?ref=sample6,benign
https://www.spotify.com/us/?ref=sample6,benign
https://www.netflix.com/browse?ref=sample6,benign
https://www.cloudflare.com/learning/?ref=sample6,benign
https://fastapi.tiangolo.com/?ref=sample6,benign
https://scikit-learn.org/stable/?ref=sample6,benign
https://pandas.pydata.org/docs/?ref=sample6,benign
https://numpy.org/doc/?ref=sample6,benign
https://www.docker.com/products/docker-desktop?ref=sample6,benign
https://kubernetes.io/docs/home/?ref=sample6,benign
https://www.postgresql.org/docs/?ref=sample6,benign
https://redis.io/docs/?ref=sample6,benign
https://www.elastic.co/guide/?ref=sample6,benign
https://grafana.com/docs/?ref=sample6,benign
http://192.168.0.1/paypal-login/secure-verify,phishing
http://paypa1-secure-login-6.com/signin?account=suspended,phishing
https://secure-banking-update.xyz/verify/account,phishing
http://apple-id-locked-verify.ru/unlock,phishing
https://micros0ft-account-update.tk/password/reset,phishing
http://amaz0n-security-check.club/wallet/confirm,phishing
https://login-facebook-security.ga/confirm/credential,phishing
http://netflix-billing-update.bid/account/validation,phishing
https://chase-bank-login-secure.top/online/signin,phishing
http://wellsfargo-verify-account.win/update,phishing
https://paypal-secure-login-confirm.xyz/signin,phishing
http://google-drive-share-verify.ru/download/file,phishing
https://dropbox-security-alert.ml/login/verify,phishing
http://office365-password-expire.cf/update/now,phishing
https://dhl-package-hold-confirm.ga/track/shipment,phishing
http://fedex-delivery-fee-pay.tk/invoice,phishing
https://usps-redelivery-confirm.top/pay/fee,phishing
http://irs-refund-claim-update.club/form/submit,phishing
https://coinbase-wallet-secure.ga/validation/unlock,phishing
http://binance-login-verify.ml/account/suspend,phishing
https://metamask-wallet-sync.tk/confirm/seed,phishing
http://steam-community-trade-verify.ru/gift/accept,phishing
https://instagram-verify-badge.ga/account/confirm,phishing
http://whatsapp-security-update.bid/login,phishing
https://telegram-premium-claim.cf/activate,phishing
http://linkedin-premium-invoice.top/billing/update,phishing
http://user:pass@evil-phish-6.com/paypal/login,phishing
https://secure-login-confirm-bank.xyz/redirect?url=steal,phishing
http://www.paypal-6.com.secure-login-verify.ru/signin,phishing
https://account-update-secure-confirm.ga/banking/login,phishing
https://www.google.com/search?q=weather?ref=sample7,benign
https://github.com/python/cpython?ref=sample7,benign
https://en.wikipedia.org/wiki/Machine_learning?ref=sample7,benign
https://stackoverflow.com/questions/ask?ref=sample7,benign
https://www.python.org/downloads/?ref=sample7,benign
https://docs.python.org/3/library/urllib.html?ref=sample7,benign
https://www.nytimes.com/?ref=sample7,benign
https://www.bbc.com/news?ref=sample7,benign
https://www.amazon.com/dp/B08N5WRWNW?ref=sample7,benign
https://www.microsoft.com/en-us/?ref=sample7,benign
https://openai.com/research?ref=sample7,benign
https://huggingface.co/models?ref=sample7,benign
https://www.kaggle.com/datasets?ref=sample7,benign
https://www.reddit.com/r/python/?ref=sample7,benign
https://news.ycombinator.com/?ref=sample7,benign
https://www.linkedin.com/feed/?ref=sample7,benign
https://www.apple.com/iphone/?ref=sample7,benign
https://www.spotify.com/us/?ref=sample7,benign
https://www.netflix.com/browse?ref=sample7,benign
https://www.cloudflare.com/learning/?ref=sample7,benign
https://fastapi.tiangolo.com/?ref=sample7,benign
https://scikit-learn.org/stable/?ref=sample7,benign
https://pandas.pydata.org/docs/?ref=sample7,benign
https://numpy.org/doc/?ref=sample7,benign
https://www.docker.com/products/docker-desktop?ref=sample7,benign
https://kubernetes.io/docs/home/?ref=sample7,benign
https://www.postgresql.org/docs/?ref=sample7,benign
https://redis.io/docs/?ref=sample7,benign
https://www.elastic.co/guide/?ref=sample7,benign
https://grafana.com/docs/?ref=sample7,benign
http://192.168.0.1/paypal-login/secure-verify,phishing
http://paypa1-secure-login-7.com/signin?account=suspended,phishing
https://secure-banking-update.xyz/verify/account,phishing
http://apple-id-locked-verify.ru/unlock,phishing
https://micros0ft-account-update.tk/password/reset,phishing
http://amaz0n-security-check.club/wallet/confirm,phishing
https://login-facebook-security.ga/confirm/credential,phishing
http://netflix-billing-update.bid/account/validation,phishing
https://chase-bank-login-secure.top/online/signin,phishing
http://wellsfargo-verify-account.win/update,phishing
https://paypal-secure-login-confirm.xyz/signin,phishing
http://google-drive-share-verify.ru/download/file,phishing
https://dropbox-security-alert.ml/login/verify,phishing
http://office365-password-expire.cf/update/now,phishing
https://dhl-package-hold-confirm.ga/track/shipment,phishing
http://fedex-delivery-fee-pay.tk/invoice,phishing
https://usps-redelivery-confirm.top/pay/fee,phishing
http://irs-refund-claim-update.club/form/submit,phishing
https://coinbase-wallet-secure.ga/validation/unlock,phishing
http://binance-login-verify.ml/account/suspend,phishing
https://metamask-wallet-sync.tk/confirm/seed,phishing
http://steam-community-trade-verify.ru/gift/accept,phishing
https://instagram-verify-badge.ga/account/confirm,phishing
http://whatsapp-security-update.bid/login,phishing
https://telegram-premium-claim.cf/activate,phishing
http://linkedin-premium-invoice.top/billing/update,phishing
http://user:pass@evil-phish-7.com/paypal/login,phishing
https://secure-login-confirm-bank.xyz/redirect?url=steal,phishing
http://www.paypal-7.com.secure-login-verify.ru/signin,phishing
https://account-update-secure-confirm.ga/banking/login,phishing
